City_ID,City,Lat,Lng,Max Temp,Humidity,Cloudiness,Wind Speed,Country,Date
0,hermanus,-34.4187,19.2345,14.89,72,3,3.58,ZA,2023-07-27 08:39:04
1,ilulissat,69.2167,-51.1,8.01,71,75,2.06,GL,2023-07-27 08:39:04
2,hola,51.5377,23.1902,17.1,53,52,5.41,PL,2023-07-27 08:39:04
3,adamstown,-25.066,-130.1015,19.43,60,10,2.78,PN,2023-07-27 08:39:04
4,okhotsk,59.3833,143.3,16.41,90,35,3.78,RU,2023-07-27 08:39:05
5,edinburgh of the seven seas,-37.0676,-12.3116,10.24,57,86,8.28,SH,2023-07-27 08:39:05
6,waitangi,-43.9535,-176.5597,7.12,55,51,7.59,NZ,2023-07-27 08:39:05
7,punta arenas,-53.15,-70.9167,-1.49,86,32,3.29,CL,2023-07-27 08:39:05
8,bandarbeyla,9.4942,50.8122,31.01,48,29,12.91,SO,2023-07-27 08:39:05
9,haiku-pauwela,20.9219,-156.3051,23.91,90,40,9.26,US,2023-07-27 08:39:05
10,egilsstadir,65.2653,-14.3948,6.95,87,100,4.63,IS,2023-07-27 08:39:05
11,mount isa,-20.7333,139.5,22.87,60,40,3.09,AU,2023-07-27 08:39:05
12,lhasa,29.65,91.1,16.58,65,100,2.01,CN,2023-07-27 08:39:06
13,grytviken,-54.2811,-36.5092,0.74,99,100,4.52,GS,2023-07-27 08:39:06
14,puerto ayora,-0.7393,-90.3518,24.75,92,96,3.58,EC,2023-07-27 08:39:06
15,mudanjiang,44.5833,129.6,29.22,69,41,2.38,CN,2023-07-27 08:39:06
16,anadyr,64.75,177.4833,12.28,81,100,3.58,RU,2023-07-27 08:39:06
17,port-aux-francais,-49.35,70.2167,4.95,89,71,17.17,TF,2023-07-27 08:39:06
18,blackmans bay,-43.0167,147.3167,12.63,64,100,3.29,AU,2023-07-27 08:39:06
19,bilibino,68.0546,166.4372,9.83,78,93,2.66,RU,2023-07-27 08:39:06
20,benguela,-12.5763,13.4055,22.78,71,13,2.53,AO,2023-07-27 08:39:07
21,tiksi,71.6872,128.8694,9.37,65,84,2.4,RU,2023-07-27 08:39:07
22,amungan,15.3652,119.9582,27.31,88,100,8.44,PH,2023-07-27 08:39:07
23,papatowai,-46.5619,169.4708,7.22,84,100,5.04,NZ,2023-07-27 08:39:07
24,ribeira grande,38.5167,-28.7,23.22,94,75,5.66,PT,2023-07-27 08:35:32
25,jamestown,42.097,-79.2353,21.77,98,100,5.14,US,2023-07-27 08:39:07
26,queenstown,-31.8976,26.8753,15.67,31,0,4.61,ZA,2023-07-27 08:39:07
27,mount pearl,47.5166,-52.7813,17.75,86,20,8.23,CA,2023-07-27 08:39:07
28,saint-francois,46.4154,3.9054,21.69,60,100,4.12,FR,2023-07-27 08:39:08
29,bethel,41.3712,-73.414,23.2,88,0,0.89,US,2023-07-27 08:39:08
30,albany,42.6001,-73.9662,23.23,84,78,1.59,US,2023-07-27 08:37:44
31,whitehorse,60.7161,-135.0538,16.56,81,75,4.63,CA,2023-07-27 08:37:25
32,vorgashor,67.5833,63.95,17.82,78,100,2.45,RU,2023-07-27 08:39:08
33,mutki,38.4094,41.9186,33.02,15,2,0.9,TR,2023-07-27 08:39:08
34,puerto natales,-51.7236,-72.4875,-3.4,95,100,1.33,CL,2023-07-27 08:39:08
35,contamana,-7.3333,-75.0167,24.76,73,90,0.6,PE,2023-07-27 08:39:08
36,kurduvadi,18.0833,75.4333,23.85,88,100,7.46,IN,2023-07-27 08:39:09
37,invercargill,-46.4,168.35,7.32,83,98,2.82,NZ,2023-07-27 08:39:09
38,birao,10.2849,22.7882,27.21,67,100,2.01,CF,2023-07-27 08:39:09
39,fort bragg,35.139,-79.006,24.91,90,0,3.09,US,2023-07-27 08:38:53
40,patnanungan,14.7833,122.1833,29.19,75,100,8.54,PH,2023-07-27 08:39:09
41,kirensk,57.7853,108.1119,28.54,48,93,1.01,RU,2023-07-27 08:39:09
42,margaret river,-33.95,115.0667,13.75,66,96,6.01,AU,2023-07-27 08:39:09
43,san antonio de pale,-1.4014,5.6325,22.75,90,94,4.79,GQ,2023-07-27 08:39:10
44,udachny,66.4167,112.4,17.0,60,100,1.44,RU,2023-07-27 08:39:10
45,saint andrews,34.0454,-81.1293,24.85,89,0,0.0,US,2023-07-27 08:39:10
46,thompson,55.7435,-97.8558,11.09,93,100,6.69,CA,2023-07-27 08:39:10
47,chernyshevskiy,63.0128,112.4714,23.73,46,76,3.74,RU,2023-07-27 08:39:10
48,mugia,43.1041,-9.2179,19.95,80,55,4.34,ES,2023-07-27 08:39:10
49,coahuayana de hidalgo,18.7,-103.6583,24.83,93,100,1.52,MX,2023-07-27 08:39:10
50,constantia,44.1833,28.65,18.38,63,100,4.84,RO,2023-07-27 08:39:10
51,gorgan,36.8387,54.4348,29.98,58,40,3.09,IR,2023-07-27 08:39:11
52,colonia,50.9333,6.95,17.71,90,75,6.17,DE,2023-07-27 08:39:11
53,utrik,11.2278,169.8474,28.37,80,100,9.22,MH,2023-07-27 08:39:11
54,petropavlovsk-kamchatsky,53.0452,158.6483,13.33,88,20,6.0,RU,2023-07-27 08:39:11
55,idritsa,56.3316,28.8988,19.3,69,95,1.51,RU,2023-07-27 08:39:11
56,veinticinco de mayo,-35.4323,-60.1727,2.77,95,98,1.28,AR,2023-07-27 08:39:11
57,olonkinbyen,70.9221,-8.7187,4.95,90,100,5.55,SJ,2023-07-27 08:39:11
58,crane,31.3974,-102.3501,26.41,32,58,4.25,US,2023-07-27 08:39:12
59,ushuaia,-54.8,-68.3,-2.19,74,0,3.6,AR,2023-07-27 08:39:12
60,yermentau,51.6214,73.1069,19.89,67,91,4.66,KZ,2023-07-27 08:39:12
61,iqaluit,63.7506,-68.5145,4.85,93,40,0.0,CA,2023-07-27 08:39:12
62,pervomayskoye,43.919,46.7102,32.55,31,0,10.27,RU,2023-07-27 08:39:12
63,badger,64.8,-147.5333,22.95,80,0,2.06,US,2023-07-27 08:37:30
64,tazovsky,67.4667,78.7,20.7,66,23,3.49,RU,2023-07-27 08:39:12
65,xai-xai,-25.0519,33.6442,23.93,43,0,4.43,MZ,2023-07-27 08:39:13
66,kailua-kona,19.6406,-155.9956,26.98,88,0,3.09,US,2023-07-27 08:39:13
67,urengoy,65.9667,78.3667,26.03,49,100,4.82,RU,2023-07-27 08:39:13
68,kotel'nich,58.3089,48.348,20.1,95,99,3.99,RU,2023-07-27 08:39:13
69,tura,25.5198,90.2201,26.63,90,100,2.33,IN,2023-07-27 08:39:13
70,birobidzhan,48.8,132.95,25.51,81,87,5.02,RU,2023-07-27 08:39:13
71,aripuana,-9.1667,-60.6333,19.89,67,12,0.85,BR,2023-07-27 08:39:13
72,keren,15.7778,38.4581,23.9,64,93,4.17,ER,2023-07-27 08:39:14
73,tabou,4.423,-7.3528,25.26,87,100,3.62,CI,2023-07-27 08:39:14
74,atafu village,-8.5421,-172.5159,28.52,76,53,7.45,TK,2023-07-27 08:39:14
75,wailua homesteads,22.0669,-159.378,26.44,83,75,7.72,US,2023-07-27 08:39:14
76,puerto aysen,-45.4,-72.7,1.51,99,99,0.26,CL,2023-07-27 08:39:14
77,robore,-18.3333,-59.75,16.32,92,98,1.4,BO,2023-07-27 08:39:14
78,nar'yan-mar,67.6713,53.087,23.42,47,27,1.9,RU,2023-07-27 08:39:14
79,sidi khaled,34.387,4.9879,31.82,38,2,6.03,DZ,2023-07-27 08:39:14
80,nizhneudinsk,54.9076,99.0276,24.04,52,60,2.63,RU,2023-07-27 08:39:15
81,yellowknife,62.456,-114.3525,17.29,55,20,3.6,CA,2023-07-27 08:35:53
82,road town,18.4167,-64.6167,28.05,77,100,7.84,VG,2023-07-27 08:39:15
83,qaqortoq,60.7167,-46.0333,7.96,74,97,0.91,GL,2023-07-27 08:39:15
84,greymouth,-42.4667,171.2,4.96,85,1,2.46,NZ,2023-07-27 08:39:15
85,carboneras,37.0015,-1.9213,30.28,71,32,3.51,ES,2023-07-27 08:39:15
86,kapa'a,22.0752,-159.319,27.18,83,75,7.72,US,2023-07-27 08:39:15
87,west island,-12.1568,96.8225,24.99,83,100,11.83,CC,2023-07-27 08:39:15
88,huaicheng,23.9051,112.1931,34.12,56,89,0.35,CN,2023-07-27 08:39:15
89,oleksandriya,48.6696,33.1159,29.5,41,97,2.64,UA,2023-07-27 08:39:16
90,polyarnyy,69.1989,33.4478,13.09,86,100,1.52,RU,2023-07-27 08:39:16
91,bazarnyy karabulak,52.2683,46.4144,31.0,42,91,4.24,RU,2023-07-27 08:39:16
92,hawaiian paradise park,19.5933,-154.9731,23.91,99,100,0.0,US,2023-07-27 08:39:16
93,klyuchi,52.2667,79.1667,19.72,68,100,5.25,RU,2023-07-27 08:39:16
94,talnakh,69.4865,88.3972,29.56,39,73,0.64,RU,2023-07-27 08:39:16
95,palikir - national government center,6.9248,158.1611,30.47,83,100,1.54,FM,2023-07-27 08:39:17
96,robertsport,6.7533,-11.3686,25.72,84,76,0.19,LR,2023-07-27 08:39:17
97,hunchun,42.8675,130.3581,30.27,70,85,1.53,CN,2023-07-27 08:39:17
98,vila velha,-20.3297,-40.2925,18.86,92,0,1.03,BR,2023-07-27 08:39:17
99,avarua,-21.2078,-159.775,18.03,94,20,0.51,CK,2023-07-27 08:39:17
100,chetwayi,10.5333,76.05,27.67,71,100,4.65,IN,2023-07-27 08:39:17
101,new norfolk,-42.7826,147.0587,13.29,73,100,1.84,AU,2023-07-27 08:39:17
102,chegdomyn,51.1167,133.0167,26.61,58,43,1.46,RU,2023-07-27 08:39:17
103,daru,-9.0763,143.2092,24.95,85,49,7.66,PG,2023-07-27 08:39:18
104,ordino,42.5976,1.5257,18.96,41,0,1.69,AD,2023-07-27 08:39:18
105,sisimiut,66.9395,-53.6735,5.25,89,98,2.31,GL,2023-07-27 08:39:18
106,brookings,44.3114,-96.7984,27.0,71,20,5.14,US,2023-07-27 08:34:21
107,bayanhongor,46.7167,100.1167,21.22,30,61,4.83,MN,2023-07-27 08:39:18
108,reoti,25.85,84.3833,38.26,39,96,5.58,IN,2023-07-27 08:39:18
109,urzhar,47.093,81.6294,40.11,11,35,5.38,KZ,2023-07-27 08:39:19
110,cidade velha,14.9167,-23.6167,26.26,89,75,4.63,CV,2023-07-27 08:39:19
111,kanye,-24.9667,25.3327,17.93,41,5,4.79,BW,2023-07-27 08:39:19
112,tsiombe,-25.3,45.4833,23.15,40,0,7.73,MG,2023-07-27 08:39:20
113,kourou,5.1552,-52.6478,23.03,91,45,2.83,GF,2023-07-27 08:39:20
114,woolgoolga,-30.1106,153.2007,15.93,70,0,3.95,AU,2023-07-27 08:39:20
115,malango,-2.9627,119.9001,22.96,89,66,1.6,ID,2023-07-27 08:39:20
116,byron bay,-28.65,153.6167,13.73,66,1,2.19,AU,2023-07-27 08:36:25
117,enewetak,11.3474,162.3373,28.51,79,100,6.63,MH,2023-07-27 08:39:21
118,taoudenni,22.6783,-3.9836,40.52,22,61,4.53,ML,2023-07-27 08:39:21
119,orange walk,17.8333,-88.8333,23.04,99,89,0.57,BZ,2023-07-27 08:39:21
120,ciudad lazaro cardenas,17.9583,-102.2,26.09,83,100,2.04,MX,2023-07-27 08:39:21
121,luau,-10.7073,22.2247,27.07,21,74,2.59,AO,2023-07-27 08:39:21
122,pandan,14.0453,124.1694,29.68,72,76,6.28,PH,2023-07-27 08:39:21
123,bazarak,35.3129,69.5152,30.09,14,0,4.76,AF,2023-07-27 08:39:22
124,ola,59.5833,151.2833,17.86,98,100,1.44,RU,2023-07-27 08:39:22
125,lethem,3.3803,-59.7968,22.95,94,92,2.74,GY,2023-07-27 08:39:22
126,college,64.8569,-147.8028,22.99,77,75,2.06,US,2023-07-27 08:39:22
127,key west,24.5557,-81.7826,28.89,81,0,3.09,US,2023-07-27 08:35:22
128,yakymivka,46.6897,35.1536,30.36,49,1,7.42,UA,2023-07-27 08:39:23
129,hadibu,12.65,54.0333,27.36,64,89,14.6,YE,2023-07-27 08:39:23
130,santa catalina,9.3337,122.8637,31.99,85,83,4.75,PH,2023-07-27 08:39:23
131,misratah,32.3754,15.0925,29.46,60,0,7.76,LY,2023-07-27 08:39:23
132,kostroma,57.7708,40.9344,22.64,62,28,4.37,RU,2023-07-27 08:39:23
133,zilair,52.2332,57.4392,28.7,35,30,3.94,RU,2023-07-27 08:39:23
134,kuanda,56.3161,116.0806,22.89,69,95,2.92,RU,2023-07-27 08:39:24
135,alofi,-19.0595,-169.9187,20.94,88,100,1.03,NU,2023-07-27 08:39:24
136,carnarvon,-24.8667,113.6333,18.24,51,0,7.14,AU,2023-07-27 08:39:24
137,longyearbyen,78.2186,15.6401,12.91,50,75,6.69,SJ,2023-07-27 08:38:06
138,vilyuchinsk,52.9306,158.4028,14.15,93,98,2.14,RU,2023-07-27 08:39:24
139,hamilton,39.1834,-84.5333,26.43,82,40,5.14,US,2023-07-27 08:39:06
140,eichstatt,48.8833,11.1833,19.15,67,75,2.57,DE,2023-07-27 08:39:24
141,banda aceh,5.5577,95.3222,30.29,65,89,7.17,ID,2023-07-27 08:39:24
142,georgetown,5.4112,100.3354,32.97,66,20,4.12,MY,2023-07-27 08:39:25
143,magistral'nyy,56.1725,107.4458,23.0,78,100,1.29,RU,2023-07-27 08:39:25
144,uturoa,-16.7333,-151.4333,25.77,83,66,4.1,PF,2023-07-27 08:39:25
145,ludwin,51.3461,22.9058,17.18,72,75,5.66,PL,2023-07-27 08:39:25
146,popondetta,-8.7537,148.2534,23.12,97,85,1.57,PG,2023-07-27 08:39:25
147,bubaque,11.2833,-15.8333,27.75,80,70,4.4,GW,2023-07-27 08:39:25
148,guangshui,31.6199,113.9978,32.08,68,43,4.35,CN,2023-07-27 08:39:25
149,casper,42.8666,-106.3131,21.33,43,0,5.66,US,2023-07-27 08:37:16
150,schwendi,48.1833,9.9667,17.1,76,75,4.02,DE,2023-07-27 08:39:26
151,borogontsy,62.6683,131.1683,23.26,45,10,1.49,RU,2023-07-27 08:39:26
152,ancud,-41.8697,-73.8203,7.92,96,100,4.89,CL,2023-07-27 08:39:26
153,kardla,58.9978,22.7492,18.92,51,100,2.22,EE,2023-07-27 08:39:26
154,kokopo,-4.352,152.2633,26.08,85,98,5.05,PG,2023-07-27 08:39:26
155,scottburgh,-30.2867,30.7532,22.07,65,74,5.67,ZA,2023-07-27 08:39:26
156,arteche,12.2645,125.4048,29.98,69,100,3.39,PH,2023-07-27 08:39:27
157,tralee,52.2704,-9.7026,16.14,94,100,4.12,IE,2023-07-27 08:39:27
158,natchitoches,31.7668,-93.1335,25.47,88,0,0.0,US,2023-07-27 08:39:27
159,sault ste. marie,46.5168,-84.3333,17.9,100,100,1.54,CA,2023-07-27 08:38:26
160,porto santo stefano,42.4338,11.1237,24.79,48,0,1.72,IT,2023-07-27 08:37:44
161,bovalino superiore,38.1833,16.1667,28.37,42,3,2.41,IT,2023-07-27 08:39:27
162,harstad,68.799,16.5293,17.67,97,58,1.34,NO,2023-07-27 08:39:27
163,selfoss,63.9331,-20.9971,12.25,60,91,5.95,IS,2023-07-27 08:39:27
164,remire-montjoly,4.9167,-52.2667,23.02,100,100,0.0,GF,2023-07-27 08:39:28
165,hasaki,35.7333,140.8333,32.38,78,4,6.57,JP,2023-07-27 08:39:21
166,malmberget,67.1753,20.6549,15.31,82,40,1.54,SE,2023-07-27 08:39:28
167,aasiaat,68.7098,-52.8699,3.16,93,18,4.99,GL,2023-07-27 08:39:28
168,ponta delgada,37.7333,-25.6667,25.28,88,40,3.6,PT,2023-07-27 08:39:28
169,tsetserleg,47.475,101.4542,14.63,77,71,1.48,MN,2023-07-27 08:39:28
170,isafjordur,66.0755,-23.124,7.02,76,75,5.14,IS,2023-07-27 08:39:28
171,tolanaro,-25.0319,46.9987,22.04,64,40,5.14,MG,2023-07-27 08:39:28
172,safford,32.834,-109.7076,31.51,36,0,8.75,US,2023-07-27 08:39:29
173,szczecinek,53.7079,16.6994,18.92,50,2,4.46,PL,2023-07-27 08:39:29
174,afaahiti,-17.75,-149.2833,22.93,85,71,3.8,PF,2023-07-27 08:39:29
175,merizo village,13.2658,144.6691,28.31,87,100,6.16,GU,2023-07-27 08:39:29
176,kota kinabalu,5.9749,116.0724,32.99,75,20,1.54,MY,2023-07-27 08:39:29
177,amga,60.8953,131.9608,23.64,49,90,2.02,RU,2023-07-27 08:39:29
178,mount gambier,-37.8333,140.7667,11.5,94,100,5.02,AU,2023-07-27 08:39:29
179,contai,21.7786,87.7536,30.7,74,60,8.0,IN,2023-07-27 08:39:29
180,port mathurin,-19.6833,63.4167,23.69,78,62,7.21,MU,2023-07-27 08:39:30
181,palmas,-10.2128,-48.3603,18.93,77,0,2.57,BR,2023-07-27 08:39:02
182,rajanpur,29.1035,70.325,35.73,51,88,3.74,PK,2023-07-27 08:39:30
183,konstantinovka,49.6167,127.9833,21.33,90,100,5.26,RU,2023-07-27 08:39:30
184,vila franca do campo,37.7167,-25.4333,25.11,82,30,3.29,PT,2023-07-27 08:39:30
185,glace bay,46.1969,-59.957,21.05,93,20,3.09,CA,2023-07-27 08:39:30
186,tarariras,-34.2833,-57.6167,5.65,84,96,2.95,UY,2023-07-27 08:39:30
187,nelson bay,-32.7167,152.15,16.11,90,0,3.13,AU,2023-07-27 08:39:31
188,amherstburg,42.1168,-83.0499,22.19,94,100,4.12,CA,2023-07-27 08:36:33
189,mermoz boabab,14.7065,-17.4758,27.88,89,40,0.0,SN,2023-07-27 08:39:31
190,guerrero negro,27.9769,-114.0611,20.1,82,5,2.54,MX,2023-07-27 08:39:31
191,juticalpa,14.65,-86.2,20.47,96,86,0.61,HN,2023-07-27 08:39:31
192,praia da vitoria,38.7333,-27.0667,23.14,88,20,3.64,PT,2023-07-27 08:39:31
193,salalah,17.0151,54.0924,27.05,83,100,5.66,OM,2023-07-27 08:39:31
194,mar del plata,-38.0023,-57.5575,8.38,92,100,8.05,AR,2023-07-27 08:39:32
195,narasannapeta,18.4167,84.05,29.38,79,70,9.75,IN,2023-07-27 08:39:32
196,kruisfontein,-34.0033,24.7314,16.05,58,0,1.16,ZA,2023-07-27 08:39:32
197,tres coracoes,-21.6969,-45.2533,12.88,78,0,1.21,BR,2023-07-27 08:39:32
198,sao jose da coroa grande,-8.8978,-35.1478,23.33,85,63,1.74,BR,2023-07-27 08:39:32
199,onega,63.9061,38.1404,17.44,68,26,3.9,RU,2023-07-27 08:39:32
200,cartagena del chaira,1.3349,-74.8429,22.25,97,100,0.5,CO,2023-07-27 08:39:32
201,viedma,-40.8135,-62.9967,3.37,77,97,1.23,AR,2023-07-27 08:39:33
202,kapuskasing,49.4169,-82.4331,11.05,100,0,1.03,CA,2023-07-27 08:39:33
203,mersing,2.4312,103.8405,29.95,84,20,1.03,MY,2023-07-27 08:39:33
204,stanley,54.868,-1.6985,15.95,94,75,1.54,GB,2023-07-27 08:39:33
205,phan thiet,10.9333,108.1,27.86,82,100,5.66,VN,2023-07-27 08:39:33
206,tazacorte,28.629,-17.9293,23.54,76,40,7.2,ES,2023-07-27 08:39:33
207,murzuq,25.9155,13.9184,39.23,7,1,3.66,LY,2023-07-27 08:39:33
208,baymak,52.5933,58.3225,27.2,41,66,4.45,RU,2023-07-27 08:39:33
209,pont rouge,48.8833,-72.0825,19.06,96,95,3.47,CA,2023-07-27 08:39:34
210,agat village,13.3886,144.6585,28.52,88,40,5.66,GU,2023-07-27 08:39:34
211,ixtapa,20.7,-105.2,27.9,78,100,1.32,MX,2023-07-27 08:39:34
212,kavieng,-2.5744,150.7967,27.84,80,62,4.7,PG,2023-07-27 08:39:34
213,usogorsk,63.4106,48.6872,17.78,79,100,4.93,RU,2023-07-27 08:39:34
214,zuwarah,32.9312,12.082,28.61,61,0,4.87,LY,2023-07-27 08:39:34
215,goure,13.9835,10.2704,31.7,47,100,3.68,NE,2023-07-27 08:39:34
216,jimma,7.6667,36.8333,21.04,87,67,0.63,ET,2023-07-27 08:39:34
217,coquimbo,-29.9533,-71.3436,13.07,90,100,1.85,CL,2023-07-27 08:39:35
218,maputo,-25.9653,32.5892,21.82,56,0,6.17,MZ,2023-07-27 08:35:48
219,marsa alam,25.0757,34.8918,36.31,43,16,3.47,EG,2023-07-27 08:39:35
220,nemuro,43.3236,145.575,18.69,93,100,1.7,JP,2023-07-27 08:39:35
221,harper,4.375,-7.7169,25.1,88,100,4.07,LR,2023-07-27 08:39:35
222,karratha,-20.7377,116.8463,23.5,40,79,2.61,AU,2023-07-27 08:38:16
223,nema,57.5067,50.5011,24.99,75,61,5.67,RU,2023-07-27 08:39:35
224,selkirk,50.1436,-96.8845,17.83,95,2,3.4,CA,2023-07-27 08:39:36
225,jijel,36.8205,5.7667,29.97,45,0,1.54,DZ,2023-07-27 08:39:36
226,yilan,24.757,121.753,30.51,94,100,7.2,TW,2023-07-27 08:39:36
227,oriximina,-1.7656,-55.8661,23.98,77,1,1.32,BR,2023-07-27 08:38:08
228,nakamura,32.9833,132.9333,29.2,71,1,1.23,JP,2023-07-27 08:39:36
229,bojia,26.4672,111.9681,31.95,68,98,3.05,CN,2023-07-27 08:39:36
230,kodiak,57.79,-152.4072,12.73,88,100,2.57,US,2023-07-27 08:39:36
231,murun-kuren,49.6342,100.1625,24.35,31,100,5.32,MN,2023-07-27 08:39:36
232,arraial do cabo,-22.9661,-42.0278,19.98,94,0,4.63,BR,2023-07-27 08:39:36
233,lihue,21.9789,-159.3672,26.77,78,75,7.72,US,2023-07-27 08:39:37
234,sola,-13.8833,167.55,24.51,79,100,13.65,VU,2023-07-27 08:39:37
235,eyl,7.9803,49.8164,32.26,44,10,12.8,SO,2023-07-27 08:39:37
236,waingapu,-9.6567,120.2641,27.29,55,16,5.48,ID,2023-07-27 08:39:37
237,khandyga,62.6667,135.6,21.64,36,0,3.89,RU,2023-07-27 08:39:37
238,bom jesus,-9.0744,-44.3586,17.56,70,25,0.71,BR,2023-07-27 08:39:37
239,port lincoln,-34.7333,135.8667,16.5,67,70,7.31,AU,2023-07-27 08:39:37
240,minas de marcona,-15.2119,-75.1103,11.37,91,48,5.08,PE,2023-07-27 08:39:37
241,santiago de cao,-7.9589,-79.2392,20.07,88,20,2.57,PE,2023-07-27 08:39:38
242,bethanie,-26.4833,17.15,19.0,14,0,4.09,NA,2023-07-27 08:39:38
243,luderitz,-26.6481,15.1594,16.53,47,0,3.6,NA,2023-07-27 08:39:38
244,castillos,-34.1667,-53.8333,8.42,76,74,4.52,UY,2023-07-27 08:39:38
245,pingliang,35.5392,106.6861,17.66,86,100,2.61,CN,2023-07-27 08:39:38
246,menongue,-14.6585,17.691,26.08,22,5,3.07,AO,2023-07-27 08:39:38
247,inhambane,-23.865,35.3833,24.99,53,20,3.09,MZ,2023-07-27 08:39:38
248,port alfred,-33.5906,26.891,17.32,81,26,2.68,ZA,2023-07-27 08:39:38
249,kerikeri,-35.2268,173.9474,10.51,82,21,2.24,NZ,2023-07-27 08:39:39
250,kamaishi,39.2667,141.8833,26.83,81,9,1.0,JP,2023-07-27 08:39:39
251,christchurch,-43.5333,172.6333,9.39,62,75,8.23,NZ,2023-07-27 08:35:15
252,balakhta,55.38,91.6,24.65,51,8,1.22,RU,2023-07-27 08:39:39
253,vallenar,-28.5708,-70.7581,13.73,81,100,0.94,CL,2023-07-27 08:39:39
254,chandbali,20.7833,86.7667,31.95,64,76,8.86,IN,2023-07-27 08:39:39
255,san fernando,15.0286,120.6898,26.85,89,100,6.41,PH,2023-07-27 08:39:39
256,severnoye,56.3491,78.3619,24.26,54,78,3.55,RU,2023-07-27 08:39:40
257,ust-nera,64.5667,143.2,13.59,54,98,2.24,RU,2023-07-27 08:39:40
258,humberto de campos,-2.5983,-43.4611,23.78,93,18,2.99,BR,2023-07-27 08:39:40
259,recani,31.2846,-4.2688,38.7,8,0,3.53,MA,2023-07-27 08:39:40
260,daoukro,7.0591,-3.9631,24.82,89,92,1.74,CI,2023-07-27 08:39:40
261,fada,9.5667,8.3,26.07,73,66,1.58,NG,2023-07-27 08:39:40
262,waitara,-38.925,174.25,8.61,82,16,3.55,NZ,2023-07-27 08:39:40
263,brisas de zicatela,15.8369,-97.0419,25.98,77,99,2.62,MX,2023-07-27 08:39:40
264,rundu,-17.9333,19.7667,25.15,21,11,4.3,NA,2023-07-27 08:39:41
265,aldama,22.9167,-98.0667,25.83,93,0,0.98,MX,2023-07-27 08:39:41
266,bandrele,-12.9067,45.1914,28.86,61,20,7.2,YT,2023-07-27 08:39:41
267,cill airne,52.05,-9.5167,16.03,94,100,4.12,IE,2023-07-27 08:39:41
268,puerto lempira,15.2667,-83.7667,25.73,85,74,1.34,HN,2023-07-27 08:39:41
269,dompu,-8.5356,118.4622,27.41,57,15,3.21,ID,2023-07-27 08:39:41
270,leava,-14.3,-178.1667,26.57,72,99,6.16,WF,2023-07-27 08:39:42
271,hassa,36.7994,36.5178,37.65,23,0,3.03,TR,2023-07-27 08:39:42
272,port elizabeth,-33.918,25.5701,17.28,72,0,5.14,ZA,2023-07-27 08:39:42
273,al kharj,24.155,47.3346,44.32,7,57,3.88,SA,2023-07-27 08:39:42
274,colon,9.3592,-79.9014,23.84,88,97,2.24,PA,2023-07-27 08:39:43
275,vilyuysk,63.7553,121.6247,24.86,36,10,1.7,RU,2023-07-27 08:39:43
276,salinopolis,-0.6136,-47.3561,25.44,87,17,4.98,BR,2023-07-27 08:37:24
277,novyy urgal,51.0736,132.5642,25.93,64,89,0.5,RU,2023-07-27 08:39:43
278,andalgala,-27.5819,-66.3165,8.85,65,64,0.64,AR,2023-07-27 08:39:43
279,saldanha,-33.0117,17.9442,13.03,73,100,5.55,ZA,2023-07-27 08:39:43
280,nambucca heads,-30.65,153.0,16.0,72,0,5.09,AU,2023-07-27 08:39:44
281,arvayheer,46.2639,102.775,25.02,26,87,4.16,MN,2023-07-27 08:39:44
282,bredasdorp,-34.5322,20.0403,15.01,69,0,2.32,ZA,2023-07-27 08:39:44
283,carleton place,45.1334,-76.1494,19.81,96,100,4.02,CA,2023-07-27 08:38:22
284,rabo de peixe,37.8,-25.5833,24.6,42,40,3.6,PT,2023-07-27 08:39:44
285,mersa matruh,31.3525,27.2453,28.11,69,0,3.6,EG,2023-07-27 08:39:44
286,richards bay,-28.783,32.0377,22.88,61,0,1.35,ZA,2023-07-27 08:39:45
287,chapada dos guimaraes,-15.4606,-55.7497,15.81,41,2,2.69,BR,2023-07-27 08:39:45
288,carutapera,-1.195,-46.02,24.1,91,11,2.66,BR,2023-07-27 08:39:45
289,yemetsk,63.4721,41.7941,18.28,91,88,3.91,RU,2023-07-27 08:39:45
290,nadi,-17.8,177.4167,20.0,83,100,4.63,FJ,2023-07-27 08:37:39
291,pailon,-17.65,-62.75,17.5,58,100,3.0,BO,2023-07-27 08:39:45
292,meiganga,6.5167,14.3,25.03,75,73,0.92,CM,2023-07-27 08:39:46
293,mutuali,-14.8706,37.0044,28.37,25,4,0.92,MZ,2023-07-27 08:39:46
294,sao joao da barra,-21.6403,-41.0511,21.07,85,57,7.01,BR,2023-07-27 08:39:46
295,weno,7.4515,151.8468,28.34,76,87,5.52,FM,2023-07-27 08:39:46
296,boa vista,2.8197,-60.6733,24.99,88,75,1.54,BR,2023-07-27 08:39:46
297,altay,47.8667,88.1167,35.08,15,36,6.13,CN,2023-07-27 08:35:16
298,singkil,-7.9855,111.4161,27.28,54,64,4.29,ID,2023-07-27 08:39:46
299,minas,-34.3759,-55.2377,7.39,87,99,3.92,UY,2023-07-27 08:39:47
300,saipan,15.1355,145.701,28.39,100,40,5.36,MP,2023-07-27 08:39:47
301,najran,17.4924,44.1277,38.36,8,4,6.74,SA,2023-07-27 08:39:47
302,papao,-17.75,-149.55,23.82,81,27,1.83,PF,2023-07-27 08:39:47
303,bel ombre,-4.6167,55.4167,27.91,74,40,5.66,SC,2023-07-27 08:39:47
304,tonj,7.2737,28.6822,23.45,82,100,3.03,SS,2023-07-27 08:39:47
305,amurzet,47.6967,131.0981,22.59,95,100,2.95,RU,2023-07-27 08:39:47
306,basco,20.4487,121.9702,29.21,73,100,10.79,PH,2023-07-27 08:39:47
307,banjar,-8.19,114.9675,27.78,61,51,1.48,ID,2023-07-27 08:39:47
308,broken hill,-31.95,141.4333,16.96,39,96,5.02,AU,2023-07-27 08:39:48
309,grand falls-windsor,48.9332,-55.6649,16.95,93,2,2.91,CA,2023-07-27 08:39:48
310,mata-utu,-13.2816,-176.1745,27.16,75,98,7.54,WF,2023-07-27 08:39:48
311,snyder,32.7179,-100.9176,28.19,34,0,4.12,US,2023-07-27 08:39:48
312,grand gaube,-20.0064,57.6608,26.32,65,57,4.02,MU,2023-07-27 08:39:48
313,pemba,-12.974,40.5178,27.39,54,20,7.72,MZ,2023-07-27 08:39:48
314,lebu,-37.6167,-73.65,9.03,88,100,2.34,CL,2023-07-27 08:39:48
315,ulladulla,-35.35,150.4667,15.54,51,0,4.27,AU,2023-07-27 08:39:48
316,raja,8.4596,25.678,26.0,71,100,2.87,SS,2023-07-27 08:39:49
317,gulf shores,30.246,-87.7008,27.78,80,0,0.0,US,2023-07-27 08:39:49
318,cambria,35.5641,-121.0808,19.43,75,5,2.31,US,2023-07-27 08:39:49
319,puerto maldonado,-12.6,-69.1833,22.47,83,96,0.39,PE,2023-07-27 08:39:49
320,boende,-0.2167,20.8667,33.01,46,77,1.06,CD,2023-07-27 08:39:49
321,naval,11.5606,124.3975,28.15,82,90,5.54,PH,2023-07-27 08:39:49
322,revda,56.801,59.9303,26.27,46,26,3.72,RU,2023-07-27 08:39:49
323,at-bashi,41.1702,75.8106,26.52,29,54,3.98,KG,2023-07-27 08:39:50
324,goba,7.0167,39.9833,18.12,67,22,2.42,ET,2023-07-27 08:39:50
325,yichang,30.7144,111.2847,30.4,77,70,1.03,CN,2023-07-27 08:39:50
326,lincheng,19.9078,109.6858,31.97,58,100,4.64,CN,2023-07-27 08:39:50
327,kingston,17.997,-76.7936,28.53,81,40,7.2,JM,2023-07-27 08:39:50
328,east ballina,-28.8667,153.5833,13.78,64,0,3.02,AU,2023-07-27 08:39:50
329,geraldton,-28.7667,114.6,17.23,67,75,4.63,AU,2023-07-27 08:39:50
330,peace river,56.2501,-117.286,14.25,100,40,2.57,CA,2023-07-27 08:37:59
331,ta`u,-14.2336,-169.5144,25.75,74,100,7.65,AS,2023-07-27 08:39:50
332,encarnacion de diaz,21.5167,-102.2333,13.23,92,100,0.42,MX,2023-07-27 08:39:51
333,port shepstone,-30.7414,30.455,20.82,78,70,5.89,ZA,2023-07-27 08:39:51
334,north bend,43.4065,-124.2243,15.09,94,100,3.09,US,2023-07-27 08:39:51
335,howrah,22.5892,88.3103,32.0,74,75,7.2,IN,2023-07-27 08:39:51
336,atherton,53.5237,-2.4935,18.45,98,100,1.34,GB,2023-07-27 08:39:51
337,maumere,-8.6199,122.2111,25.78,68,17,5.06,ID,2023-07-27 08:39:51
338,st. john's,47.5649,-52.7093,18.21,85,20,8.23,CA,2023-07-27 08:38:13
339,canavieiras,-15.675,-38.9472,19.22,87,2,2.22,BR,2023-07-27 08:39:51
340,bikenibeu village,1.3673,173.1241,25.98,89,40,1.03,KI,2023-07-27 08:39:51
341,tocopilla,-22.092,-70.1979,16.14,76,11,2.36,CL,2023-07-27 08:38:44
342,san jose del cabo,23.0589,-109.6977,29.16,77,67,3.76,MX,2023-07-27 08:39:52
343,ketchikan,55.3422,-131.6461,16.26,82,100,1.54,US,2023-07-27 08:39:52
344,nasir,15.5894,32.5634,33.28,40,100,8.89,SD,2023-07-27 08:39:52
345,san juan de miraflores,-12.1629,-76.9635,19.29,82,45,2.95,PE,2023-07-27 08:39:52
346,angaur state,6.906,134.13,27.46,79,100,8.99,PW,2023-07-27 08:39:52
347,valley city,46.9233,-98.0032,22.29,88,0,2.57,US,2023-07-27 08:39:52
348,el bolson,-41.9667,-71.5167,3.24,99,100,1.24,AR,2023-07-27 08:39:52
349,san andres,12.5847,-81.7006,29.01,79,20,6.17,CO,2023-07-27 08:39:52
350,manjo,4.8428,9.8217,25.03,88,100,0.74,CM,2023-07-27 08:39:53
351,ingeniero jacobacci,-41.3427,-69.5448,0.32,97,100,1.27,AR,2023-07-27 08:39:53
352,labuan,5.2767,115.2417,32.2,70,20,2.24,MY,2023-07-27 08:39:53
353,chonchi,-42.6128,-73.8092,7.84,98,100,2.76,CL,2023-07-27 08:39:53
354,lompoc,34.6391,-120.4579,14.18,96,100,3.09,US,2023-07-27 08:39:53
355,hithadhoo,-0.6,73.0833,28.59,77,6,6.03,MV,2023-07-27 08:39:53
356,antalaha,-14.9003,50.2788,23.88,73,40,7.2,MG,2023-07-27 08:39:53
357,saint-pierre,-21.3393,55.4781,24.76,64,40,6.17,RE,2023-07-27 08:39:53
358,kattivakkam,13.2167,80.3167,35.05,60,88,8.41,IN,2023-07-27 08:39:54
359,saint-joseph,-21.3667,55.6167,24.15,75,80,4.75,RE,2023-07-27 08:39:54
360,rongelap,11.1635,166.8941,28.47,80,100,7.56,MH,2023-07-27 08:39:54
361,jiuquan,39.7432,98.5174,36.62,9,4,5.44,CN,2023-07-27 08:39:54
362,yelizovo,53.1873,158.3805,14.08,87,20,6.0,RU,2023-07-27 08:39:54
363,austin,30.2672,-97.7431,28.12,78,0,3.09,US,2023-07-27 08:37:19
364,san patricio,28.017,-97.5169,29.92,85,0,3.8,US,2023-07-27 08:39:54
365,puerto deseado,-47.7503,-65.8938,0.99,62,100,1.88,AR,2023-07-27 08:39:54
366,callao,-12.0667,-77.15,20.16,77,100,4.12,PE,2023-07-27 08:39:54
367,nguigmi,14.2495,13.1092,31.97,46,100,6.51,NE,2023-07-27 08:39:55
368,emerald,-23.5333,148.1667,17.97,64,92,3.5,AU,2023-07-27 08:39:55
369,sardarshahr,28.4333,74.4833,32.95,56,100,5.48,IN,2023-07-27 08:39:55
370,gamba,-2.65,10.0,24.49,74,41,3.74,GA,2023-07-27 08:39:56
371,kill devil hills,36.0307,-75.676,27.21,87,75,2.57,US,2023-07-27 08:39:56
372,chapeco,-27.0964,-52.6183,13.03,96,93,1.02,BR,2023-07-27 08:39:56
373,fale old settlement,-9.3852,-171.2468,28.45,75,39,6.62,TK,2023-07-27 08:39:56
374,kone,-21.0595,164.8658,19.37,64,56,3.13,NC,2023-07-27 08:39:56
375,ciudad bolivar,8.1222,-63.5497,23.77,93,57,2.21,VE,2023-07-27 08:39:57
376,nykvarn,59.8,18.3,18.13,43,30,2.86,SE,2023-07-27 08:39:57
377,les avirons,-21.2418,55.3394,24.03,64,40,6.17,RE,2023-07-27 08:39:57
378,sao tome,0.3365,6.7273,25.01,83,73,4.89,ST,2023-07-27 08:39:57
379,uyovu,-3.2833,31.5258,26.8,27,28,2.84,TZ,2023-07-27 08:39:57
380,ust'-ilimsk,58.0006,102.6619,24.27,55,85,0.77,RU,2023-07-27 08:39:57
381,horsholm,55.8833,12.5,17.59,73,72,5.92,DK,2023-07-27 08:39:57
382,argo,37.6333,22.7333,32.1,25,0,2.74,GR,2023-07-27 08:39:57
383,kalisz,51.7611,18.091,20.84,42,5,5.93,PL,2023-07-27 08:39:57
384,cadale,2.7603,46.3222,26.68,71,86,10.06,SO,2023-07-27 08:39:58
385,tchollire,8.4022,14.1698,29.55,59,68,0.66,CM,2023-07-27 08:39:58
386,tanaina,61.6269,-149.4281,16.54,86,100,3.6,US,2023-07-27 08:39:58
387,tromso,69.6496,18.957,13.01,76,20,6.17,NO,2023-07-27 08:39:58
388,mariakani,-3.8633,39.4736,29.14,46,49,7.05,KE,2023-07-27 08:39:58
389,brigantine,39.4101,-74.3646,25.11,96,20,4.63,US,2023-07-27 08:39:58
390,yaren,-0.5472,166.916,28.82,75,25,4.52,NR,2023-07-27 08:39:58
391,egersund,58.4513,5.9997,16.32,75,54,3.86,NO,2023-07-27 08:39:58
392,walvis bay,-22.9575,14.5053,12.27,100,100,2.57,NA,2023-07-27 08:39:58
393,bairnsdale,-37.8333,147.6167,8.36,78,0,2.58,AU,2023-07-27 08:39:59
394,mejit,10.2753,170.8646,28.16,80,100,9.28,MH,2023-07-27 08:39:59
395,adigrat,14.277,39.462,18.92,64,78,2.87,ET,2023-07-27 08:39:59
396,island harbour,50.724,-1.2758,18.97,96,100,3.13,GB,2023-07-27 08:39:59
397,keflavik,64.0049,-22.5624,11.24,76,0,5.66,IS,2023-07-27 08:39:59
398,igarka,67.4667,86.5833,27.56,47,3,3.61,RU,2023-07-27 08:39:59
399,nova sintra,14.8667,-24.7167,23.31,83,32,4.69,CV,2023-07-27 08:39:59
400,federal,-30.9547,-58.7833,6.41,75,100,1.96,AR,2023-07-27 08:37:15
401,guelendeng,10.9176,15.5501,25.67,71,100,2.61,TD,2023-07-27 08:40:00
402,saint-cyr-sur-mer,43.1835,5.7091,26.39,39,0,3.41,FR,2023-07-27 08:40:00
403,wajir,1.7471,40.0573,28.98,51,75,5.14,KE,2023-07-27 08:40:00
404,at taj,24.2049,23.2857,35.49,10,100,4.24,LY,2023-07-27 08:40:00
405,iskateley,67.6803,53.1512,23.34,47,28,1.78,RU,2023-07-27 08:40:00
406,kaoma,-14.7833,24.8,25.27,25,0,3.75,ZM,2023-07-27 08:40:01
407,sabang,5.8933,95.3214,28.17,79,59,9.16,ID,2023-07-27 08:40:01
408,port saint john's,-31.6229,29.5448,21.41,65,50,1.42,ZA,2023-07-27 08:40:01
409,terrace,54.5163,-128.6035,13.45,93,75,0.0,CA,2023-07-27 08:37:11
410,katima mulilo,-17.5,24.2667,25.36,29,3,4.44,NA,2023-07-27 08:40:01
411,bakhmach,51.1808,32.7569,23.85,68,100,5.59,UA,2023-07-27 08:40:01
412,sarupathar,26.1984,93.8094,33.12,89,96,0.51,IN,2023-07-27 08:40:02
413,meulaboh,4.1363,96.1285,29.43,69,77,2.82,ID,2023-07-27 08:40:04
414,cootamundra,-34.65,148.0333,9.97,81,0,1.56,AU,2023-07-27 08:40:04
415,zaozersk,69.4005,32.4476,13.0,85,100,1.75,RU,2023-07-27 08:40:04
416,sengiley,53.9622,48.7944,30.04,40,18,7.41,RU,2023-07-27 08:40:04
417,brody,50.0879,25.1503,12.03,93,100,5.78,UA,2023-07-27 08:35:30
418,coari,-4.085,-63.1414,22.17,66,69,1.32,BR,2023-07-27 08:40:07
419,flying fish cove,-10.4217,105.6791,25.82,78,75,6.17,CX,2023-07-27 08:40:07
420,gaogou,34.0175,119.1886,29.94,78,35,4.08,CN,2023-07-27 08:40:10
421,melfi,40.9965,15.6514,25.31,42,0,3.9,IT,2023-07-27 08:40:14
422,sidney,-33.8679,151.2073,16.61,79,0,4.63,AU,2023-07-27 08:37:50
423,cosala,24.4125,-106.6908,23.5,97,88,0.52,MX,2023-07-27 08:40:15
424,isangel,-19.55,169.2667,21.35,59,46,7.42,VU,2023-07-27 08:40:17
425,visby,57.6409,18.296,20.02,59,40,7.2,SE,2023-07-27 08:40:18
426,juli,-16.2167,-69.45,3.81,76,61,2.36,PE,2023-07-27 08:40:18
427,figuig (centre),32.1089,-1.2286,36.32,8,69,2.88,MA,2023-07-27 08:40:18
428,acarau,-2.8856,-40.12,24.04,88,28,6.52,BR,2023-07-27 08:40:18
429,sao raimundo das mangabeiras,-7.0219,-45.4811,19.58,57,0,1.14,BR,2023-07-27 08:40:18
430,sakrand,26.1384,68.2736,37.99,42,88,4.17,PK,2023-07-27 08:40:19
431,kupang,-10.1667,123.5833,27.32,65,75,6.69,ID,2023-07-27 08:40:19
432,hammerfest,70.6634,23.6821,14.25,72,75,1.03,NO,2023-07-27 08:40:19
433,chibougamau,49.9168,-74.3659,11.79,76,0,2.02,CA,2023-07-27 08:40:19
434,zitlala,17.6333,-99.0833,13.28,90,84,0.77,MX,2023-07-27 08:40:19
435,la passe,45.5549,-0.8967,22.8,69,36,4.1,FR,2023-07-27 08:40:19
436,gadzhiyevo,69.2551,33.3362,12.99,85,100,1.46,RU,2023-07-27 08:40:20
437,san luis de la loma,17.2706,-100.8939,25.95,81,99,2.03,MX,2023-07-27 08:40:20
438,bamboo flat,11.7,92.7167,31.05,66,40,7.2,IN,2023-07-27 08:40:20
439,sitka,57.0531,-135.33,15.94,82,100,2.06,US,2023-07-27 08:40:20
440,piton saint-leu,-21.2196,55.3151,24.04,64,40,6.17,RE,2023-07-27 08:40:20
441,thakhek,17.4103,104.8307,33.06,67,100,2.35,LA,2023-07-27 08:40:20
442,morris,40.8334,-74.5329,22.66,87,0,1.54,US,2023-07-27 08:39:08
443,qamdo,31.1667,97.2333,15.09,37,100,3.5,CN,2023-07-27 08:40:21
444,san-pedro,4.7485,-6.6363,25.07,89,100,2.13,CI,2023-07-27 08:38:00
445,altai,46.3722,96.2583,25.67,14,81,5.72,MN,2023-07-27 08:40:21
446,anaconda,46.1285,-112.9423,12.55,50,0,1.07,US,2023-07-27 08:40:21
447,watsa,3.0372,29.5355,25.01,70,45,1.5,CD,2023-07-27 08:40:21
448,mahajanga,-15.7167,46.3167,30.01,35,20,4.63,MG,2023-07-27 08:40:21
449,sergeyevka,53.88,67.4158,28.17,34,67,5.22,KZ,2023-07-27 08:40:22
450,kuzhener,56.8111,48.9128,25.91,63,71,7.83,RU,2023-07-27 08:40:22
451,codrington,-38.2667,141.9667,13.96,69,99,6.36,AU,2023-07-27 08:40:22
452,dudinka,69.4058,86.1778,29.79,40,58,2.11,RU,2023-07-27 08:40:22
453,qacha's nek,-30.1154,28.6894,14.98,30,0,7.89,LS,2023-07-27 08:40:22
454,huangshan,29.7114,118.3125,29.37,69,65,4.71,CN,2023-07-27 08:37:27
455,liman,48.9884,37.8023,32.12,31,0,7.7,UA,2023-07-27 08:40:22
456,bredy,52.4153,60.3411,28.83,37,23,3.71,RU,2023-07-27 08:40:22
457,choyr,46.3611,108.3611,27.21,24,5,4.36,MN,2023-07-27 08:40:23
458,karaman,37.0833,33.25,32.05,11,0,1.52,TR,2023-07-27 08:40:23
459,gorontalo,0.5412,123.0595,28.42,73,51,2.86,ID,2023-07-27 08:40:23
460,naracoorte,-36.9579,140.7383,11.8,89,100,4.29,AU,2023-07-27 08:40:23
461,t'aebaek,37.1759,128.9889,27.21,70,53,2.12,KR,2023-07-27 08:38:19
462,newman,37.3138,-121.0208,23.99,72,0,0.89,US,2023-07-27 08:40:23
463,dolinsk,47.35,142.8,23.71,73,49,3.06,RU,2023-07-27 08:40:24
464,laguna,38.421,-121.4238,22.52,71,0,2.57,US,2023-07-27 08:40:24
465,eldorado,-23.7869,-54.2836,15.8,83,100,1.87,BR,2023-07-27 08:40:24
466,huntsville,34.7304,-86.5861,25.89,80,75,0.45,US,2023-07-27 08:36:17
467,tipasa,36.5897,2.4475,30.87,47,48,3.47,DZ,2023-07-27 08:40:24
468,karaton,-6.3424,106.1045,26.0,77,100,2.07,ID,2023-07-27 08:40:24
469,kayangel,8.0823,134.7173,25.88,90,100,12.1,PW,2023-07-27 08:40:24
470,caburan,5.9181,125.6411,28.11,78,99,6.87,PH,2023-07-27 08:40:24
471,inari,68.906,27.0288,19.11,63,96,0.4,FI,2023-07-27 08:40:24
472,manta,-0.95,-80.7333,25.56,73,92,5.81,EC,2023-07-27 08:40:25
473,macapa,0.0389,-51.0664,23.99,100,40,0.0,BR,2023-07-27 08:36:07
474,zhangjiakou,40.81,114.8794,32.29,40,100,2.85,CN,2023-07-27 08:39:17
475,svetlyy,54.675,20.1347,19.03,60,74,5.87,RU,2023-07-27 08:40:25
476,verkhnevilyuysk,63.4453,120.3167,24.19,34,60,1.74,RU,2023-07-27 08:40:25
477,howard springs,-12.497,131.047,25.46,46,98,1.99,AU,2023-07-27 08:40:25
478,nogliki,51.8333,143.1667,18.01,88,77,1.63,RU,2023-07-27 08:40:25
479,red hill,33.9996,-79.2581,25.5,82,15,1.51,US,2023-07-27 08:40:25
480,al qitena,14.8648,32.3668,31.03,50,98,6.94,SD,2023-07-27 08:40:26
481,sur,22.5667,59.5289,32.53,60,100,3.61,OM,2023-07-27 08:40:26
482,la asuncion,11.0333,-63.8628,26.85,89,91,3.09,VE,2023-07-27 08:40:26
483,portland,45.5234,-122.6762,18.99,73,20,5.14,US,2023-07-27 08:37:45
484,sarmiento,-45.5882,-69.07,1.16,62,100,1.53,AR,2023-07-27 08:40:26
485,bangil,-7.5994,112.8186,30.99,52,98,3.25,ID,2023-07-27 08:40:26
486,antofagasta,-23.65,-70.4,16.6,87,73,2.42,CL,2023-07-27 08:37:28
487,ovalle,-30.5983,-71.2003,13.14,79,100,1.28,CL,2023-07-27 08:40:27
488,happy valley-goose bay,53.3168,-60.3315,16.17,77,75,0.0,CA,2023-07-27 08:40:27
489,dharchula,29.85,80.5333,27.13,82,100,2.0,IN,2023-07-27 08:40:27
490,brasileia,-11.0161,-68.7481,20.86,62,17,0.77,BR,2023-07-27 08:40:27
491,valparaiso,-33.0393,-71.6273,7.8,93,0,2.57,CL,2023-07-27 08:38:00
492,xilin hot,43.9667,116.0333,31.24,30,75,4.05,CN,2023-07-27 08:40:27
493,chandler,33.3062,-111.8412,35.41,33,0,8.23,US,2023-07-27 08:35:41
494,quillacollo,-17.4,-66.2833,11.18,52,20,1.54,BO,2023-07-27 08:40:28
495,tual,-5.6667,132.75,26.06,85,59,8.8,ID,2023-07-27 08:40:28
496,oliveira,-20.6964,-44.8272,13.77,78,10,0.73,BR,2023-07-27 08:40:28
497,celica,-4.1167,-79.95,14.23,85,20,0.45,EC,2023-07-27 08:40:28
498,nuuk,64.1835,-51.7216,6.34,93,75,5.14,GL,2023-07-27 08:40:28
499,colonia menno,-22.3667,-59.8167,16.79,87,95,2.46,PY,2023-07-27 08:40:29
500,ulsteinvik,62.3432,5.8487,17.17,92,89,3.13,NO,2023-07-27 08:40:29
501,nadym,65.5333,72.5167,25.75,47,95,3.7,RU,2023-07-27 08:40:29
502,tash-kumyr,41.3461,72.2171,42.2,11,4,6.07,KG,2023-07-27 08:40:29
503,aketi,2.7388,23.7833,32.04,50,61,0.08,CD,2023-07-27 08:40:30
504,hukumati azrah,34.1736,69.6457,26.8,22,1,2.32,AF,2023-07-27 08:40:30
505,rong kwang,18.339,100.3174,35.71,67,85,2.52,TH,2023-07-27 08:40:30
506,farshut,26.0549,32.1633,41.2,13,63,3.73,EG,2023-07-27 08:40:30
507,marquette,46.5333,-87.6335,14.87,97,3,0.89,US,2023-07-27 08:40:30
508,kununurra,-15.7667,128.7333,27.99,28,2,3.09,AU,2023-07-27 08:36:20
509,susuman,62.7833,148.1667,8.51,88,100,2.38,RU,2023-07-27 08:40:31
510,dass,10.0,9.5167,31.08,49,46,1.58,NG,2023-07-27 08:40:31
511,vredendal,-31.6683,18.5012,16.6,56,35,2.86,ZA,2023-07-27 08:40:31
512,hami,42.8,93.45,41.22,7,0,4.62,CN,2023-07-27 08:40:32
513,cromwell,41.5951,-72.6454,23.98,92,0,2.06,US,2023-07-27 08:40:32
514,miranda do douro,41.4969,-6.2731,24.9,31,0,1.14,PT,2023-07-27 08:40:32
515,garissa,-0.4536,39.6401,31.08,37,8,10.37,KE,2023-07-27 08:40:32
516,puerto baquerizo moreno,-0.9,-89.6,23.69,82,100,5.45,EC,2023-07-27 08:40:32
517,mahina,-17.5065,-149.489,23.87,94,75,0.0,PF,2023-07-27 08:40:33
518,mizdah,31.4451,12.9801,32.93,23,0,3.18,LY,2023-07-27 08:40:33
519,fonte boa,-2.4959,-66.2662,23.53,84,98,0.72,BR,2023-07-27 08:40:33
520,vadso,70.0744,29.7487,15.49,94,75,2.06,NO,2023-07-27 08:40:33
521,al ghayzah,16.2079,52.176,29.0,72,66,6.73,YE,2023-07-27 08:40:33
522,pacific grove,36.6177,-121.9166,14.01,93,100,2.06,US,2023-07-27 08:40:34
523,mossel bay,-34.1831,22.146,15.96,70,0,2.62,ZA,2023-07-27 08:40:34
524,al kharijah,25.4514,30.5464,39.7,12,94,2.81,EG,2023-07-27 08:40:34
525,novodvinsk,64.4165,40.8122,19.99,65,81,3.23,RU,2023-07-27 08:40:34
526,tahe,52.3333,124.7333,19.17,95,100,1.09,CN,2023-07-27 08:40:34
527,ust-tsilma,65.441,52.1498,24.22,41,98,1.74,RU,2023-07-27 08:40:34
528,ambert,45.55,3.75,23.12,45,0,1.26,FR,2023-07-27 08:40:34
529,timbuktu,16.7735,-3.0074,32.92,44,91,5.52,ML,2023-07-27 08:40:35
530,lumphat,13.4878,106.9816,27.08,94,87,2.73,KH,2023-07-27 08:40:35
531,bhimunipatnam,17.8833,83.4333,29.73,77,71,9.87,IN,2023-07-27 08:40:35
532,arraias,-12.9288,-46.9437,18.27,48,70,2.3,BR,2023-07-27 08:40:35
533,kuta,-8.7233,115.1723,26.97,74,40,7.2,ID,2023-07-27 08:38:14
534,makoua,0.0069,15.6333,32.54,46,34,1.57,CG,2023-07-27 08:40:35
535,marsabit,2.3284,37.9899,23.78,40,7,7.69,KE,2023-07-27 08:40:36
536,siwa oasis,29.2041,25.5195,37.57,17,2,2.84,EG,2023-07-27 08:40:36
537,wynyard,-41.0,145.7167,10.1,92,82,0.98,AU,2023-07-27 08:40:36
538,golyshmanovo,56.3979,68.3728,26.28,41,8,3.6,RU,2023-07-27 08:40:36
539,dryden,49.7833,-92.7503,19.16,88,75,3.09,CA,2023-07-27 08:40:36
540,darwha,20.3167,77.7667,30.59,70,96,8.55,IN,2023-07-27 08:40:36
541,nalut,30.3333,10.85,35.9,22,0,6.71,LY,2023-07-27 08:40:36
542,kushiro,42.975,144.3747,27.53,69,75,2.06,JP,2023-07-27 08:40:37
543,lazaro cardenas,17.9583,-102.2,26.09,83,100,2.04,MX,2023-07-27 08:40:37
544,juneau,58.3019,-134.4197,14.12,98,100,0.0,US,2023-07-27 08:36:01
545,bereeda,11.8704,51.0579,34.25,47,18,1.76,SO,2023-07-27 08:40:37
546,xining,36.6167,101.7667,22.46,48,91,3.47,CN,2023-07-27 08:40:37
547,chinacota,7.6073,-72.6011,17.93,95,100,1.66,CO,2023-07-27 08:40:37
548,la plata,-34.9215,-57.9545,7.12,96,67,2.82,AR,2023-07-27 08:38:42
549,shingu,33.7333,135.9833,28.74,77,36,1.73,JP,2023-07-27 08:40:37
550,krasnyy chikoy,50.3643,108.7512,24.03,53,94,3.21,RU,2023-07-27 08:40:38
551,port blair,11.6667,92.75,31.02,66,40,7.2,IN,2023-07-27 08:36:23
552,chauk,20.8833,94.8167,38.25,36,93,8.12,MM,2023-07-27 08:40:38
553,pointe-noire,-4.7761,11.8635,23.53,78,64,3.21,CG,2023-07-27 08:40:38
554,esmeraldas,-19.7625,-44.3139,17.48,92,13,1.45,BR,2023-07-27 08:40:38
